Key Words to Modify

Disraëli to Disraeli



Sainte-Adèle to Sainte-Adele




Bécancour to Becancour





Montréal to Montreal


Lévis to Levis



Chateauguay to Châteauguay


Témiscouata-sur-le-Lac to Temiscouata-sur-le-Lac

Paspébiac to Paspebiac

Montreal to Montréal-Est

-- Change everyone to Saint-Remi
Saint-Rémi
Saint-Remi
St-Rémi
St-Remi


La Pocatière to La Pocatiere

Québec City to Quebec City
 

St-Bruno, St‐Bruno to Saint-Bruno

Trois-Rivières to Trois-Rivieres




Saint Sauveur to Saint-Sauveur



St-Jérôme to St-Jerome

Montréal to Montreal


Ville de Québec to Quebec City



Sept-Îles to Sept-Iles

Rivière du Loup to Rivière-du-Loup

